id,nombre,horasTrabajadas,sueldo
1,Lou,120,10000.00
2,Ulrike,180,25000.00
3,Brade,325,20000.00
4,Kimbell,120,50000.00
5,Sheelagh,220,18000.00
6,Gayle,120,30000.00
7,Kimberlee,60,33000.00
8,Henrieta,90,30000.00
9,Jeanine,325,18000.00
10,Aggie,75,15000.00
11,Brandea,180,15000.00
12,Cordelie,325,50000.00
13,Shel,120,50000.00
14,Bronnie,60,20000.00
15,Megen,180,10000.00
16,Iver,90,12000.00
17,Ernesta,60,37000.00
18,Cirillo,88,50000.00
19,Park,120,30000.00
20,Bellanca,88,15000.00
21,Bobbye,180,15000.00
22,Eugene,88,50000.00
23,Johnny,325,33000.00
24,Reagen,90,42000.00
25,Braden,180,25000.00
26,Karim,75,25000.00
27,Anthea,90,42000.00
28,Doro,120,33000.00
29,Gaye,120,37000.00
30,Toby,180,15000.00
31,Franny,325,15000.00
32,Katey,180,42000.00
33,Earle,90,10000.00
34,Redd,88,42000.00
35,Jehanna,220,50000.00
36,Cristie,180,10000.00
37,Stefa,88,42000.00
38,Roda,90,25000.00
39,Alfredo,88,10000.00
40,Sydney,75,10000.00
41,Brnaba,180,30000.00
42,Ame,88,50000.00
43,Bradney,88,25000.00
44,Margarete,120,50000.00
45,Nikoletta,120,50000.00
46,Lonnard,75,50000.00
47,Raine,180,30000.00
48,Noella,120,15000.00
49,Dagmar,88,25000.00
50,Carroll,220,42000.00
51,Marion,88,50000.00
52,Carline,220,12000.00
53,Hyacinthie,75,15000.00
54,Julina,120,33000.00
55,Corina,220,37000.00
56,Bernardine,75,33000.00
57,Homer,180,18000.00
58,Lianna,220,12000.00
59,Celene,120,50000.00
60,Kori,90,50000.00
61,Deeyn,88,20000.00
62,Marysa,75,20000.00
63,Loy,120,15000.00
64,Gabbey,120,37000.00
65,Star,90,33000.00
66,Dominica,120,33000.00
67,Blanch,75,15000.00
68,Cristobal,120,15000.00
69,Paulita,120,50000.00
70,Sayre,180,33000.00
71,Shaughn,90,15000.00
72,Katrine,90,25000.00
73,Cristi,88,42000.00
74,Cristie,90,25000.00
75,Solomon,90,10000.00
76,Nananne,120,33000.00
77,Sacha,90,25000.00
78,Morse,180,25000.00
79,Roland,180,25000.00
80,Jesselyn,180,30000.00
81,Kylila,325,12000.00
82,Kendre,180,25000.00
83,Lesya,90,15000.00
84,Tatiania,120,20000.00
85,Trenton,88,12000.00
86,Angie,90,20000.00
87,Joelle,90,37000.00
88,George,60,30000.00
89,Guenevere,90,30000.00
90,Margaretha,75,10000.00
91,Sully,60,15000.00
92,Lonni,220,50000.00
93,Nicky,180,42000.00
94,My,90,18000.00
95,Kyrstin,90,37000.00
96,Martino,75,15000.00
97,Marcellus,88,50000.00
98,Jacquelin,120,30000.00
99,Aleda,90,50000.00
100,Georgeta,88,10000.00
101,Marcille,88,10000.00
102,Ertha,88,10000.00
103,Desiri,120,25000.00
104,Geneva,90,33000.00
105,Kilian,120,42000.00
106,Nance,75,10000.00
107,Gaven,180,10000.00
108,Carlie,220,10000.00
109,Trixie,325,42000.00
110,Dominick,75,30000.00
111,Petey,120,15000.00
112,Tersina,75,30000.00
113,Johnathon,90,15000.00
114,Freddie,180,12000.00
115,Harmon,220,50000.00
116,Tracey,75,20000.00
117,Cherrita,180,33000.00
118,Stu,60,12000.00
119,Glenda,220,37000.00
120,Lorettalorna,220,25000.00
121,Patrizio,60,15000.00
122,Linda,88,30000.00
123,Pippa,325,20000.00
124,Pen,60,18000.00
125,Esteban,88,15000.00
126,Fonzie,325,15000.00
127,Cindelyn,60,12000.00
128,Zacharie,75,30000.00
129,Vina,88,42000.00
130,Omero,75,10000.00
131,Tom,75,33000.00
132,Dante,60,30000.00
133,Cordy,120,18000.00
134,Stephenie,220,50000.00
135,Dunstan,325,20000.00
136,Gideon,180,15000.00
137,Johnette,220,10000.00
138,Brynn,75,50000.00
139,Yankee,88,42000.00
140,Corbin,120,42000.00
141,Coreen,60,18000.00
142,Tanya,88,30000.00
143,Jenna,60,25000.00
144,Flora,90,33000.00
145,Dianna,90,20000.00
146,Armand,60,15000.00
147,Gustie,180,42000.00
148,Benton,180,12000.00
149,Lena,325,25000.00
150,Dot,180,18000.00
151,Meryl,220,12000.00
152,Babbie,120,15000.00
153,Byram,90,42000.00
154,Bertine,60,25000.00
155,Osbert,120,42000.00
156,Tanny,325,42000.00
157,Maryjo,60,12000.00
158,Clarie,60,42000.00
159,Kipp,90,15000.00
160,Leonie,325,50000.00
161,Ferdie,120,15000.00
162,Ofella,90,50000.00
163,Pascale,220,15000.00
164,Cathrin,120,30000.00
165,Sib,60,33000.00
166,Darleen,220,42000.00
167,Didi,60,15000.00
168,Lodovico,60,18000.00
169,Farley,325,12000.00
170,Devi,60,25000.00
171,Clair,180,37000.00
172,Addy,325,33000.00
173,Brandon,90,18000.00
174,Prentiss,60,30000.00
175,Lorant,88,50000.00
176,Wanids,325,30000.00
177,Robbi,75,10000.00
178,Mellicent,75,50000.00
179,Lynea,90,20000.00
180,Nial,325,15000.00
181,Guillaume,60,37000.00
182,Loutitia,88,25000.00
183,Ruthe,325,30000.00
184,Eric,60,50000.00
185,Marcellus,180,30000.00
186,Ian,75,42000.00
187,Sebastien,75,37000.00
188,Scarface,220,50000.00
189,Maible,75,18000.00
190,Waldon,90,30000.00
191,Bethina,75,15000.00
192,Farand,88,42000.00
193,Zolly,88,25000.00
194,Philipa,325,42000.00
195,Roderigo,88,20000.00
196,Otho,90,20000.00
197,Alasteir,120,20000.00
198,Eleonora,120,42000.00
199,Eliot,60,12000.00
200,Alana,220,30000.00
201,Odey,60,20000.00
202,Yorke,88,15000.00
203,Cissiee,180,18000.00
204,Jillana,180,18000.00
205,Mallorie,88,30000.00
206,Borden,88,12000.00
207,Maddie,60,33000.00
208,Weider,88,50000.00
209,Asia,325,37000.00
210,Sayres,88,10000.00
211,Marcile,120,30000.00
212,Thomasina,60,42000.00
213,Darwin,220,18000.00
214,Nicolina,90,30000.00
215,Nita,60,12000.00
216,Nikoletta,120,12000.00
217,Dwight,220,42000.00
218,Romola,88,50000.00
219,Kaile,325,33000.00
220,Mozes,220,25000.00
221,Aylmer,325,33000.00
222,Marina,120,12000.00
223,Enrico,325,50000.00
224,Zonda,325,33000.00
225,Adriano,220,33000.00
226,Trula,88,30000.00
227,Adel,180,30000.00
228,Jeniece,180,15000.00
229,Tabina,60,10000.00
230,Liana,60,33000.00
231,Marmaduke,220,10000.00
232,Alla,88,30000.00
233,Peter,120,12000.00
234,Pietro,75,18000.00
235,Hiram,88,20000.00
236,Anastasia,180,18000.00
237,Cathleen,180,10000.00
238,Leeanne,120,15000.00
239,Chet,325,42000.00
240,Billie,75,37000.00
241,Alexandra,75,42000.00
242,Broddie,90,42000.00
243,Brigham,180,25000.00
244,Cal,120,42000.00
245,Donal,75,18000.00
246,Adam,220,20000.00
247,Dotty,180,42000.00
248,Maynard,120,18000.00
249,Jessee,90,30000.00
250,Tiphani,88,42000.00
251,Jenna,180,30000.00
252,Karlotte,88,20000.00
253,Norene,220,25000.00
254,Morris,88,10000.00
255,Yuri,75,25000.00
256,Gusty,120,10000.00
257,Jori,180,12000.00
258,Sydelle,220,30000.00
259,Merrile,180,50000.00
260,Tadd,60,50000.00
261,Josiah,88,10000.00
262,Melisa,88,12000.00
263,Orelee,90,20000.00
264,Stephen,120,37000.00
265,Blair,180,50000.00
266,Arel,88,30000.00
267,Abbie,75,25000.00
268,Channa,325,50000.00
269,Shirl,75,20000.00
270,Edlin,88,20000.00
271,Larina,60,18000.00
272,Duncan,60,37000.00
273,Bond,180,10000.00
274,Dyann,75,50000.00
275,Charmian,60,15000.00
276,Dru,75,50000.00
277,Kiel,75,50000.00
278,Emory,220,15000.00
279,Alberik,88,50000.00
280,Koenraad,180,20000.00
281,Rafaellle,180,50000.00
282,Edie,325,25000.00
283,Osbert,325,15000.00
284,Sidonia,60,10000.00
285,Bartel,60,37000.00
286,Jodi,90,30000.00
287,Ofelia,120,30000.00
288,Dudley,90,42000.00
289,Dulcea,75,25000.00
290,Gordon,60,25000.00
291,Chalmers,220,10000.00
292,Christiano,60,50000.00
293,Russell,220,50000.00
294,Cleo,120,50000.00
295,Catriona,60,42000.00
296,Leigh,90,37000.00
297,Ddene,220,12000.00
298,Sayre,90,18000.00
299,Jody,180,33000.00
300,Zabrina,88,12000.00
301,Cos,75,30000.00
302,Ron,120,20000.00
303,Charin,180,12000.00
304,Coleman,220,33000.00
305,Jacinda,60,50000.00
306,Silvan,75,12000.00
307,Renie,90,33000.00
308,Davide,325,42000.00
309,Ernestus,60,12000.00
310,Brnaba,90,37000.00
311,Tabor,120,37000.00
312,Lenci,90,42000.00
313,Franchot,220,12000.00
314,Charisse,180,50000.00
315,Timothea,220,20000.00
316,Angelika,220,50000.00
317,Web,90,37000.00
318,Urban,88,10000.00
319,Fan,90,18000.00
320,Donaugh,120,12000.00
321,Wilona,90,25000.00
322,Richard,90,42000.00
323,Hilary,90,37000.00
324,Ad,90,33000.00
325,Maynord,220,42000.00
326,Lina,120,12000.00
327,Nerty,220,20000.00
328,Matias,60,33000.00
329,Urbano,60,50000.00
330,Rosemarie,220,33000.00
331,Booth,88,15000.00
332,Eden,75,18000.00
333,Cornie,75,15000.00
334,Isak,220,20000.00
335,Rand,88,20000.00
336,Dominique,220,37000.00
337,Lira,60,30000.00
338,Filbert,325,20000.00
339,Nona,75,30000.00
340,Melloney,325,33000.00
341,Rafaello,180,37000.00
342,Floria,60,12000.00
343,Johannes,88,18000.00
344,Genevra,90,10000.00
345,Aldric,220,50000.00
346,Janeta,120,10000.00
347,Tarra,75,12000.00
348,Jefferey,220,33000.00
349,Cassie,88,50000.00
350,Maiga,120,20000.00
351,Heddi,325,20000.00
352,Marieann,325,50000.00
353,Carita,180,42000.00
354,Kurtis,88,50000.00
355,Wilfred,180,20000.00
356,Isabelle,120,20000.00
357,Nisse,220,37000.00
358,Ula,75,50000.00
359,Tully,88,18000.00
360,Honor,120,30000.00
361,Sinclair,60,50000.00
362,Buddy,120,50000.00
363,Neilla,180,50000.00
364,Junie,90,20000.00
365,Neely,120,20000.00
366,Klarrisa,180,18000.00
367,Maryellen,120,37000.00
368,Clywd,220,33000.00
369,Deni,60,42000.00
370,Ingrim,120,30000.00
371,Franni,325,42000.00
372,Andy,75,37000.00
373,Veronica,75,42000.00
374,Dalis,60,42000.00
375,Nanni,180,25000.00
376,Vikky,90,15000.00
377,Hussein,325,25000.00
378,Brigg,220,10000.00
379,Crawford,180,12000.00
380,Fran,220,30000.00
381,Silas,90,15000.00
382,Alister,90,33000.00
383,George,325,15000.00
384,Nonnah,120,25000.00
385,Gayel,90,20000.00
386,Demeter,88,10000.00
387,Juliann,90,50000.00
388,Shauna,120,25000.00
389,Anna-maria,120,42000.00
390,Ag,88,50000.00
391,Sherwin,88,50000.00
392,Vikki,88,33000.00
393,Barret,60,10000.00
394,Gaelan,90,25000.00
395,Livy,60,20000.00
396,Iorgos,90,18000.00
397,Charil,88,33000.00
398,Easter,88,30000.00
399,Esdras,120,37000.00
400,Prince,60,25000.00
401,Vail,120,33000.00
402,Rachel,325,12000.00
403,Bar,88,20000.00
404,Willa,325,30000.00
405,Amerigo,88,33000.00
406,Fredric,325,50000.00
407,Mikael,220,50000.00
408,Benson,120,20000.00
409,Sileas,120,20000.00
410,Fidelia,60,12000.00
411,Frayda,60,30000.00
412,Babita,90,30000.00
413,Clair,75,42000.00
414,Morie,180,12000.00
415,Skylar,325,20000.00
416,Dennie,75,42000.00
417,Sibley,60,20000.00
418,Addia,75,20000.00
419,Ed,180,18000.00
420,Lothaire,180,12000.00
421,Neila,120,15000.00
422,Jennifer,220,15000.00
423,Keelby,325,15000.00
424,Chuck,325,33000.00
425,Jordan,90,33000.00
426,Minnnie,180,20000.00
427,Carine,180,33000.00
428,Kelly,325,37000.00
429,Coleman,90,25000.00
430,Pincus,88,42000.00
431,Smitty,220,15000.00
432,Wade,325,12000.00
433,Emmit,180,12000.00
434,Brietta,75,42000.00
435,Wesley,60,10000.00
436,Felicdad,120,18000.00
437,Any,60,18000.00
438,Gardie,90,12000.00
439,Leelah,325,25000.00
440,Garold,60,20000.00
441,Regine,180,10000.00
442,Tam,220,20000.00
443,Davon,220,20000.00
444,Chrissy,180,18000.00
445,Ozzie,120,20000.00
446,Rina,325,20000.00
447,Guy,180,42000.00
448,Lenora,60,18000.00
449,Julietta,220,42000.00
450,Alexandr,220,18000.00
451,Margalit,75,15000.00
452,Samara,88,50000.00
453,Portie,220,15000.00
454,Korella,325,33000.00
455,Hilly,325,30000.00
456,Leeanne,75,10000.00
457,Arnaldo,180,10000.00
458,Kassi,325,37000.00
459,Karen,60,20000.00
460,Mac,325,20000.00
461,Anthia,60,37000.00
462,Marsiella,120,20000.00
463,Shea,120,12000.00
464,Liana,90,15000.00
465,Carley,120,12000.00
466,Carlye,120,37000.00
467,Svend,60,25000.00
468,Kendell,90,25000.00
469,Chrisy,60,15000.00
470,Rod,75,50000.00
471,Ramsay,90,20000.00
472,Saidee,325,50000.00
473,Erek,180,10000.00
474,Salomi,60,10000.00
475,Coletta,90,50000.00
476,Abigael,90,12000.00
477,Mariele,60,33000.00
478,Brooke,88,20000.00
479,Benita,90,25000.00
480,Marissa,90,37000.00
481,Lionello,60,37000.00
482,Tori,120,42000.00
483,Micheil,220,37000.00
484,Kym,120,20000.00
485,Melisse,220,10000.00
486,Bartholomew,120,33000.00
487,Rorie,220,25000.00
488,Hedvige,220,37000.00
489,Dorothea,75,15000.00
490,Tamarah,88,50000.00
491,Skipton,75,10000.00
492,Minny,90,33000.00
493,Joshia,75,33000.00
494,Mirilla,180,30000.00
495,Willey,220,15000.00
496,Conrado,220,50000.00
497,Fredia,220,30000.00
498,Gretchen,180,12000.00
499,Bibbie,60,37000.00
500,Warren,220,25000.00
501,Gabi,220,30000.00
502,Callie,220,50000.00
503,Patton,60,15000.00
504,Karie,75,25000.00
505,Martguerita,90,50000.00
506,Lothaire,60,20000.00
507,Patrice,220,37000.00
508,Lin,120,12000.00
509,Cornie,180,42000.00
510,Irena,180,20000.00
511,Markos,60,20000.00
512,Bird,75,18000.00
513,Lorna,325,42000.00
514,Vincents,90,25000.00
515,Torrey,325,42000.00
516,Pernell,325,50000.00
517,Danya,180,25000.00
518,Erda,325,37000.00
519,Ethe,325,20000.00
520,Coop,90,37000.00
521,Sheridan,120,50000.00
522,Charles,180,42000.00
523,Eddy,88,12000.00
524,Janey,120,42000.00
525,Edan,88,20000.00
526,Homer,325,10000.00
527,Eveline,325,37000.00
528,Helen-elizabeth,220,20000.00
529,Daveta,180,20000.00
530,Mort,90,42000.00
531,Maxi,75,37000.00
532,Nathalie,120,37000.00
533,Dennison,325,25000.00
534,Bunnie,120,33000.00
535,Frans,88,33000.00
536,Delmar,325,42000.00
537,Ced,90,20000.00
538,Caren,75,12000.00
539,Christie,88,18000.00
540,Saunders,325,25000.00
541,Deny,180,18000.00
542,Gene,90,15000.00
543,Margeaux,220,18000.00
544,Prisca,180,18000.00
545,Domini,88,18000.00
546,Henrie,75,50000.00
547,Marj,120,18000.00
548,Mab,120,25000.00
549,Josiah,120,12000.00
550,Mathe,180,12000.00
551,Gauthier,88,12000.00
552,Delmore,180,33000.00
553,Lynett,120,37000.00
554,Lucais,90,42000.00
555,Clarice,180,33000.00
556,Aeriela,120,37000.00
557,Babbie,75,15000.00
558,Caren,90,15000.00
559,Jessamine,325,18000.00
560,Hesther,88,15000.00
561,Sasha,88,15000.00
562,Erica,120,10000.00
563,Keith,120,10000.00
564,Briney,88,12000.00
565,Rutherford,90,15000.00
566,Lemmie,325,18000.00
567,Dur,220,25000.00
568,Modesta,120,33000.00
569,Carter,88,33000.00
570,Retha,220,15000.00
571,Carma,220,33000.00
572,Antonella,90,15000.00
573,Sutherlan,75,10000.00
574,Phillipe,88,37000.00
575,Florida,180,37000.00
576,Corrina,75,15000.00
577,Adrianne,220,10000.00
578,Scarlett,325,20000.00
579,Shel,120,25000.00
580,Delaney,88,50000.00
581,Tiphani,220,33000.00
582,Grier,88,42000.00
583,Annabell,180,15000.00
584,Basil,120,12000.00
585,Horatius,180,18000.00
586,Umeko,220,30000.00
587,Hayes,220,10000.00
588,Lynnette,220,37000.00
589,Hesther,180,33000.00
590,Trumaine,325,15000.00
591,Emlyn,325,50000.00
592,Corabelle,220,37000.00
593,Vic,220,25000.00
594,Cyndia,88,33000.00
595,Gray,120,42000.00
596,Dylan,120,30000.00
597,Isabelle,60,20000.00
598,Eachelle,180,37000.00
599,Howard,88,18000.00
600,Cornall,75,18000.00
601,Emmalee,90,18000.00
602,Brian,180,20000.00
603,Cahra,325,50000.00
604,Arvin,220,50000.00
605,Minda,90,15000.00
606,Dedie,88,33000.00
607,Lydia,325,15000.00
608,Joshia,220,25000.00
609,Bernita,325,15000.00
610,Sayre,90,33000.00
611,Pearla,220,20000.00
612,Fidole,75,30000.00
613,Evin,325,12000.00
614,Fredia,60,20000.00
615,Idalina,120,50000.00
616,Hetti,75,30000.00
617,Kirk,180,30000.00
618,Orson,180,25000.00
619,Lyndsay,180,42000.00
620,Lissy,60,37000.00
621,Odessa,120,50000.00
622,Hestia,180,18000.00
623,Dorotea,88,10000.00
624,Giraud,90,15000.00
625,Tonya,180,37000.00
626,Menard,88,37000.00
627,Nicola,75,12000.00
628,Maddy,60,25000.00
629,Mace,88,18000.00
630,Lyndy,180,37000.00
631,Ivonne,90,20000.00
632,Josepha,88,20000.00
633,Shandra,120,50000.00
634,Viva,88,25000.00
635,Sherwin,180,10000.00
636,Abigail,90,18000.00
637,Rosalia,60,18000.00
638,Merissa,60,25000.00
639,Marylee,60,50000.00
640,Wolfy,120,33000.00
641,Maia,220,10000.00
642,Elinor,60,33000.00
643,Neron,180,42000.00
644,Malachi,60,25000.00
645,Sarajane,60,10000.00
646,Arlie,88,42000.00
647,Felike,220,12000.00
648,Ethan,90,12000.00
649,Ruthy,180,20000.00
650,Hugo,60,30000.00
651,Thorndike,220,10000.00
652,Cesaro,325,30000.00
653,Harmonia,75,12000.00
654,Damara,180,12000.00
655,Maddy,88,25000.00
656,Filmer,90,50000.00
657,Boothe,75,12000.00
658,Dorrie,120,42000.00
659,Willdon,220,10000.00
660,Cindi,325,12000.00
661,Shermie,120,12000.00
662,Byrom,180,42000.00
663,Millie,90,15000.00
664,Natassia,325,42000.00
665,Wheeler,60,25000.00
666,Caritta,88,12000.00
667,Kennan,120,12000.00
668,Katina,180,20000.00
669,Beverlee,60,25000.00
670,Arlette,220,30000.00
671,Jacqueline,90,50000.00
672,Sheila-kathryn,90,10000.00
673,Lambert,325,42000.00
674,Lamont,220,33000.00
675,Immanuel,75,33000.00
676,Nani,220,50000.00
677,Galen,60,50000.00
678,Nilson,88,10000.00
679,Tomi,60,50000.00
680,Flore,75,30000.00
681,Burgess,120,12000.00
682,Tally,75,42000.00
683,Jaquenette,60,25000.00
684,Sly,60,42000.00
685,Yul,60,30000.00
686,Rosalyn,325,37000.00
687,Devondra,75,10000.00
688,Xenos,88,37000.00
689,Terrence,75,42000.00
690,Krystyna,60,50000.00
691,Krishna,325,50000.00
692,Zorina,75,18000.00
693,Baxy,120,20000.00
694,Terrie,75,42000.00
695,Justino,220,18000.00
696,Erhard,75,33000.00
697,Robbie,120,30000.00
698,Paddie,90,33000.00
699,Evelyn,75,10000.00
700,Abbot,90,33000.00
701,Tedra,90,33000.00
702,Rikki,90,12000.00
703,Alverta,90,25000.00
704,Pauly,120,30000.00
705,Ariella,60,12000.00
706,Lia,120,20000.00
707,Petronille,75,42000.00
708,Merle,325,10000.00
709,Hagan,120,50000.00
710,Nikolaus,88,30000.00
711,Cinda,120,42000.00
712,Matelda,120,18000.00
713,Roslyn,120,25000.00
714,Jerrylee,180,10000.00
715,Lucky,325,42000.00
716,Elita,90,18000.00
717,Hyacinthia,90,25000.00
718,Fina,220,42000.00
719,Kamila,88,42000.00
720,Jennie,88,42000.00
721,Riobard,180,42000.00
722,Joannes,325,10000.00
723,Darlene,180,42000.00
724,Zia,75,42000.00
725,Cristina,90,15000.00
726,Jonathon,220,50000.00
727,Rickie,220,42000.00
728,Klara,180,50000.00
729,Osbert,75,33000.00
730,Emmet,90,37000.00
731,Cassandry,60,33000.00
732,Enrica,325,18000.00
733,Evvy,75,42000.00
734,Silas,180,20000.00
735,Kaia,180,25000.00
736,Arvie,325,15000.00
737,Keith,180,20000.00
738,Silvie,120,12000.00
739,Winnifred,75,10000.00
740,Chen,325,37000.00
741,Carleton,75,15000.00
742,Silvano,220,12000.00
743,Pancho,88,18000.00
744,Melonie,90,33000.00
745,Gordon,325,12000.00
746,Rosemarie,75,10000.00
747,Graehme,90,18000.00
748,Mitchael,90,33000.00
749,Carola,325,10000.00
750,Zsa zsa,180,20000.00
751,Jude,180,12000.00
752,Arch,180,33000.00
753,Andrej,88,50000.00
754,Amber,325,42000.00
755,Dorian,325,15000.00
756,Kaitlynn,88,15000.00
757,Kerianne,220,37000.00
758,Boycie,88,18000.00
759,Nanete,90,37000.00
760,Sidonia,120,10000.00
761,Galvan,120,33000.00
762,Lucienne,75,25000.00
763,Davidson,75,37000.00
764,Roslyn,180,10000.00
765,Jenny,180,33000.00
766,Toby,88,20000.00
767,Brynne,325,18000.00
768,Blakeley,325,18000.00
769,Egan,325,10000.00
770,Barbey,325,20000.00
771,Portia,60,33000.00
772,Alica,60,37000.00
773,Juliana,180,50000.00
774,Barde,88,18000.00
775,Wilie,90,30000.00
776,Letta,220,10000.00
777,Ree,90,42000.00
778,Ingmar,75,18000.00
779,Melva,120,42000.00
780,Tootsie,88,25000.00
781,Felike,75,33000.00
782,Laughton,325,15000.00
783,Crosby,60,12000.00
784,Marianne,60,33000.00
785,Francine,120,42000.00
786,Edan,60,50000.00
787,Fayre,120,18000.00
788,Adelaida,180,37000.00
789,Florella,220,25000.00
790,Noll,120,30000.00
791,Ki,60,42000.00
792,Jermayne,75,33000.00
793,Grayce,325,33000.00
794,Harv,325,42000.00
795,Lorianna,60,15000.00
796,Hersh,180,33000.00
797,Diahann,88,33000.00
798,Yelena,180,50000.00
799,Emmaline,88,37000.00
800,Daffi,90,12000.00
801,Janine,60,50000.00
802,Sheilah,180,42000.00
803,Lazaro,220,10000.00
804,Earle,90,30000.00
805,Fred,88,25000.00
806,Almira,220,42000.00
807,Wini,88,37000.00
808,Emanuel,75,30000.00
809,Obadias,220,10000.00
810,Efrem,325,20000.00
811,Susi,60,18000.00
812,Maxy,60,15000.00
813,Agnes,88,42000.00
814,Obadiah,60,12000.00
815,Lefty,220,50000.00
816,Michele,88,42000.00
817,Cynthia,88,25000.00
818,Hyatt,220,20000.00
819,Roch,220,33000.00
820,Mag,88,12000.00
821,Trevor,180,10000.00
822,Jefferey,75,10000.00
823,Tania,325,42000.00
824,Mercie,90,42000.00
825,Andrei,325,10000.00
826,Yetta,120,25000.00
827,Angeli,90,20000.00
828,Norbert,90,20000.00
829,Conan,180,20000.00
830,Cale,60,50000.00
831,Christina,60,37000.00
832,Olivier,325,20000.00
833,Oby,325,12000.00
834,Chad,75,15000.00
835,Adelle,60,10000.00
836,Keene,60,25000.00
837,Corrina,75,50000.00
838,Hashim,88,50000.00
839,Oralia,325,10000.00
840,Wadsworth,325,30000.00
841,Shelley,60,15000.00
842,Irv,120,15000.00
843,Grant,220,33000.00
844,Bella,88,18000.00
845,Yardley,60,50000.00
846,Brendin,120,10000.00
847,Estella,220,42000.00
848,Rasia,60,37000.00
849,Gibb,180,20000.00
850,Amanda,325,37000.00
851,Sidoney,220,20000.00
852,Giacopo,90,18000.00
853,Eve,180,12000.00
854,Levon,120,25000.00
855,Vassili,120,33000.00
856,Henrieta,180,30000.00
857,Devlen,120,37000.00
858,Ophelie,120,37000.00
859,Abramo,325,37000.00
860,Fair,60,37000.00
861,Pietrek,325,25000.00
862,Holden,180,50000.00
863,Cherish,90,42000.00
864,Alonzo,325,12000.00
865,Devonna,60,18000.00
866,Rubi,60,18000.00
867,Emmanuel,220,30000.00
868,Trumaine,88,42000.00
869,Malory,220,42000.00
870,Pearla,220,33000.00
871,Phelia,60,33000.00
872,Madonna,120,10000.00
873,Thomasa,90,18000.00
874,Estella,325,20000.00
875,Saw,60,15000.00
876,Cecil,75,37000.00
877,Mac,60,25000.00
878,Ralf,120,12000.00
879,Barbey,325,12000.00
880,Josi,120,18000.00
881,Kenna,120,25000.00
882,Rina,75,25000.00
883,Callida,88,33000.00
884,Lona,220,30000.00
885,Jan,90,18000.00
886,Bailey,88,30000.00
887,Guillermo,75,42000.00
888,Katlin,88,25000.00
889,Flo,325,42000.00
890,Madel,180,12000.00
891,Conant,75,37000.00
892,Devland,60,10000.00
893,Annamarie,120,20000.00
894,Gabbie,220,42000.00
895,Frasquito,90,15000.00
896,Oberon,88,15000.00
897,Gabriell,120,10000.00
898,Ki,220,30000.00
899,Martelle,120,15000.00
900,Riccardo,90,42000.00
901,Shaughn,180,50000.00
902,Coral,120,18000.00
903,Judas,120,10000.00
904,Josiah,325,12000.00
905,Freda,60,42000.00
906,Lynn,325,37000.00
907,Tabb,325,50000.00
908,Brittany,180,18000.00
909,Leo,88,42000.00
910,Atlante,120,33000.00
911,Maurie,180,50000.00
912,Oren,120,20000.00
913,Anetta,60,10000.00
914,Curry,88,20000.00
915,Tyrone,180,15000.00
916,Saunder,180,37000.00
917,Luis,60,12000.00
918,Alysia,325,37000.00
919,Calypso,90,12000.00
920,Gretna,220,42000.00
921,Odie,90,20000.00
922,Wenda,90,12000.00
923,Ezekiel,75,20000.00
924,Orlan,60,25000.00
925,Wittie,90,37000.00
926,Abbie,90,18000.00
927,Robinia,120,10000.00
928,Hayden,180,30000.00
929,Melody,60,20000.00
930,Emory,325,37000.00
931,Callie,75,10000.00
932,Debby,180,18000.00
933,Gui,325,20000.00
934,Dorette,120,37000.00
935,Jillane,90,37000.00
936,Carolina,88,33000.00
937,Randy,120,15000.00
938,Arabel,180,50000.00
939,Verina,75,37000.00
940,Josefina,90,30000.00
941,Nina,120,25000.00
942,Vernen,120,18000.00
943,Loria,180,25000.00
944,Isabeau,88,37000.00
945,Cherice,220,15000.00
946,Kimberley,325,18000.00
947,Martyn,180,25000.00
948,Agustin,75,25000.00
949,Clerissa,120,15000.00
950,Lonna,120,10000.00
951,Wake,220,25000.00
952,Edwina,75,42000.00
953,Lacey,75,50000.00
954,Laetitia,90,33000.00
955,Delila,325,20000.00
956,Sioux,120,12000.00
957,Floyd,75,15000.00
958,Trista,75,50000.00
959,Shaughn,90,15000.00
960,Zitella,120,42000.00
961,Ginnie,180,15000.00
962,Burty,60,12000.00
963,Arley,120,33000.00
964,Ansley,75,37000.00
965,Kirstin,180,12000.00
966,Karon,88,10000.00
967,Esme,120,37000.00
968,Berenice,325,10000.00
969,Charlie,325,50000.00
970,Noach,325,12000.00
971,Mercedes,180,12000.00
972,Sloan,325,42000.00
973,Guglielma,120,15000.00
974,Herrick,75,30000.00
975,Aleksandr,88,42000.00
976,Arlina,325,33000.00
977,Wenonah,325,12000.00
978,Warner,90,30000.00
979,Libbey,120,42000.00
980,Brana,60,10000.00
981,Genevieve,180,20000.00
982,Sharai,75,10000.00
983,Josi,120,12000.00
984,Pebrook,60,33000.00
985,Erna,325,33000.00
986,Ferd,88,25000.00
987,Mohammed,220,42000.00
988,Dawn,180,37000.00
989,Wandie,60,25000.00
990,Chiarra,325,18000.00
991,Zaccaria,88,33000.00
992,Trenna,90,10000.00
993,Angelia,60,50000.00
994,Raquela,180,12000.00
995,Maxi,325,18000.00
996,Atalanta,90,37000.00
997,De witt,88,12000.00
998,Jaye,75,25000.00
999,Tamarra,60,15000.00
1000,Saleem,60,20000.00
